0,1,2,3,4,5,6,7,8,9,10,11,12,13
0.7001894827955379,0.42042141949970435,1.0529498032995033,0.3195006890928021,0.7778100547730418,2.6005182797418827,1.522475436126351,2.506910850115038,1.3246323603937027,0.5873916608352437,1.926255670494174,2.8910757076947267,2.9687473302747387,2.9448758964318653
-0.13089402309720247,0.5994273739115679,1.7191299410349705,1.1673511869463435,0.40146634573814666,2.087862401039935,1.967839284683338,2.8475505678344892,3.2403355874239526,3.0588313995708862,2.9933637433900593,3.254126865844429,1.9930156769190104,1.4315363201996796
-0.8357920752156526,-0.6475463085168369,0.48045124743308604,-0.7220212422805841,-0.9832624209979025,-1.1471146289208762,-0.19096075214016578,-0.08312562426906993,-0.9960713719529823,-0.6088982548441403,-1.1182074321776925,-0.36780870404275934,-1.8105637136167751,-0.43738001556707745
2.0447172488733223,0.8542833090064245,0.11092945228294396,-0.31531123188891064,-0.2899976938283591,-0.671681289266594,-0.011195707813527482,1.3158464578132305,1.5169652363494155,1.7680583873173226,1.3485844451667897,1.0329398588970373,1.079021226357426,0.7075527118689808
-0.026464682042617312,0.208041473587324,-0.41993284497500644,-0.7887302916040861,-0.6609393400541408,-0.09473193402776724,-0.024151747044276112,0.5711375576955322,0.2807816856032259,0.7116332130233389,0.47076550746303636,1.2459108138746187,2.5600044703962666,3.1898695056644475
0.10842321681955516,1.734143084929143,2.296833029227446,1.8667202524346713,1.6619476678645893,1.123460252986764,-0.7853190518507627,0.06370184026517665,0.26214149498196754,1.064270912048232,-0.43571074951283256,-1.3211753280028045,-1.5770977398320227,0.473556322003447
0.9873701706956473,0.4962714001826974,1.0503475371364739,-0.47670409315544776,0.7327928646970974,-0.2097834183569174,-0.3059456003130605,-0.8618984961587131,-0.2614784051970218,0.5620969735634159,0.33049547102583865,0.41403768772057614,-0.055665983617708546,0.5034931969470793
-0.30059170231090343,-0.028610466143614177,0.11873625077203151,-0.1410069417210505,-0.187358500455206,-0.7698134376649868,-0.7496899439662036,-1.4668276500398083,-0.923205172251699,-0.4429948647965641,-0.9108189374452764,-0.6093663643864589,0.7788506886341727,0.3794690007520315
-0.5573138324034252,-0.6414783100621975,-0.23777421356296455,-1.012528392560351,-1.0156747978525824,-0.6344587502189276,-0.2589799581015964,-0.7632304399916994,-0.6876609453103415,-1.3625311432665383,-1.1785386306453043,-1.0367376096099274,-1.0427516053033947,-1.2750015573572782
-1.1012166503960565,-0.9752182250673667,-0.7452161153536526,-0.440121711268366,-0.7941902226789361,-1.289237050739238,-1.327853194638365,-1.2624438194081373,-1.2290737547187138,-1.2129949038066155,-1.4115678847264552,-1.079617667659105,-0.9306311680450637,-1.0892707413804574
-0.7357139567050083,-0.22885441514671562,-0.7009775905821567,-0.48961552205677067,-0.707757217733123,-1.5971689646790226,-1.674427244060893,-0.901835566512028,-0.5520959226102795,-0.9280576913033789,-1.369336045799127,-1.1861031451478956,-0.5034381096304101,-0.2565368526422786
-0.9271677486384146,-0.9054362428390131,-0.997635933167482,-0.6251855255206619,-0.7329668441756518,-0.8459504493533949,-1.114078547331011,-0.45665469404419284,-0.6478387198921982,-0.6267533282124893,-0.9553131963151402,-0.9231054557796072,-0.6113008087650069,0.24811332497895103
-0.8793043006550632,-0.9782522242946865,-0.48238723288770646,-0.11088027428463028,0.8030196812155705,0.9187362882246,0.2851736895898492,-0.42259072227224764,-0.6935919150534691,-0.1394586175346308,-0.3527553516198663,0.028831832912132038,0.9491602135835364,0.006785455535384957
-0.7313627341610675,0.14736148904092955,0.4310081903355319,-0.19695646696011665,-0.2773928806070946,-1.1691097656308609,-1.1092200326194803,-1.1790458195526854,-0.6114056200415565,0.02793269529364118,-0.5458151867162243,-0.4328434587506784,0.2061849109919378,-0.5852315203907307
0.025749988484675267,0.6995493484131186,0.5507124338348737,0.8187426066106236,1.5557070992853608,2.111549471342995,1.5548655342032225,0.8060615009503268,-0.26656209354827404,-0.9154103476674651,0.08464583727031998,0.8135368952120794,0.029488778856973298,-0.09218951876805227
0.260716005857492,-0.8144162660194215,-0.6437277349955149,-0.15391837062237354,-0.02529661618180606,0.2351951166220015,0.7564496166083337,0.2281486005435325,-0.26063112380514625,0.6171501164491588,-0.02696687989476191,-0.1927151336752846,-0.1883654884740876,-0.8656606142504696
-0.43547960117307605,0.6752773545945607,-0.15710396250906034,0.5024125985282107,1.1469510133957859,-0.4009719143744759,-1.0492983511772676,-1.3246986643706578,-0.6241148409196874,-0.6669272432912746,-0.8497335989968193,-0.6472437489965657,0.5567386831793778,0.9177217931059096
-0.09608424274567413,-0.8872322474750948,-0.7634319784948568,-0.5649321906478214,-0.610520087169083,-0.4889524612144142,-0.3075651052169041,-0.24522314511487792,-0.8300042191454065,-0.4184441389150842,-0.5194202873866441,-0.8123319724858987,-0.9753374183442717,-0.9970162900235499
-0.7226602890731852,-0.7142942915178707,0.5272920383676112,2.5639374131061112,3.266360322171247,2.559911873508066,2.80350381506663,3.2457466516513653,2.71925753142059,2.8549859786155687,2.61553961298664,2.0813572781994263,1.9419228194342015,1.4278705804106633
0.787213933674359,0.3779454303172283,0.9904954153868032,1.5310231010002742,1.8582226165957065,3.424489939569767,2.9022936142010884,1.1925113876044633,1.7423420865882686,1.2472854140738094,0.495652126830926,0.2875415164755027,-0.3082917789592644,-0.9566931523443718
1.6182974395670995,0.5781893793203299,1.0503475371364739,-0.36265313786042824,-0.5276884574293454,-0.4652653909113539,-0.7205388556970191,-0.25462010284506964,0.49090747078832203,-0.18186441678445978,0.3810228497424635,1.1594360301421107,0.6468608067984163,-0.6066150024933251
-0.8401432977595934,0.30209544963423524,-0.36268298938836474,-0.5240459991269653,-0.1783550624400171,0.05246628856982195,1.8577129512219739,1.2195276410787645,-1.4391995399038096,-0.14913011560915312,-0.6845769431917317,-0.4392754674580549,0.3126283640852901,-1.0000710731810634
-0.7705237370565368,-0.7112602922905511,-0.7868523739621192,-0.9996169636590279,-0.9724582953796759,0.02031955030138295,-0.3124236199284348,-1.0651077070741102,-0.7139266684584784,-1.0031977917285144,-1.2245411694768584,-1.3469033628323108,-1.1924820626547104,-1.0959912643269871
0.0039938757649700014,0.7875353260053904,-0.12587676855271032,-0.7908821964209733,-0.4952760805746654,-0.38912837922294563,-0.3610087670437425,-1.2119351716083566,-0.8791465398741789,-0.9094586565446822,-1.470390803232377,-1.4541035079552547,-1.3485991271916267,-1.2456756390451487
-0.3963185982776065,-1.0874761964781963,-0.7816478416360609,-1.0297436310954482,-1.1129119284166225,-1.5142642186183113,-1.0930249835810444,-1.3352702418171236,-1.0748685413973933,-0.7331398070322355,-1.1483730314114984,-1.1182097199033645,-1.0867482325819802,-1.5621511741635468
-0.613879725474659,-0.1954804236461987,0.417996859520386,1.0963383279890673,0.7417963027122862,1.1640666592205817,0.7499715969929591,-0.2675409197240834,-0.7495124869172446,-0.6527919768746651,-1.1438481915264274,-0.7065611626312611,-0.3054532868767749,-0.1123510876076415
-0.5007479393321916,-0.2561604081925931,-0.39130791718168556,-0.31531123188891064,-0.21797018970684803,-0.8797891212149097,-0.854957762716037,-0.8384061018332336,-0.9740420557642222,-1.0932171199606073,-0.5156495874824183,0.6927580650402299,1.2954562476472422,1.3508900448413235
-0.8357920752156526,-0.3320103888755861,-0.6463300011585441,-0.3648050426773153,-0.603317336756932,-1.4296675389645244,-1.460652596753539,-0.817262946940302,0.10369987470127,0.43562353720427693,0.7633718200309542,0.5541125440145559,-0.21533116325773682,-1.0440599506492578
-0.44853326880489913,-0.23188841437403532,-0.62811413801734,0.1753230663613622,-1.2083483713776244,-0.43481058623599067,0.3629099249743414,0.12243282607887529,0.013040765770603696,0.32700517421348707,0.18343817476103447,0.8599902914320217,0.8306531691396043,-0.1862768400194681
-0.22662091906390558,-0.5049483448328101,-0.29762633531263555,0.06127211106634265,-0.7581764706181806,-0.9017842579248944,-0.5164812378127269,-0.7444365245313158,-1.0206425323173685,-1.2598644713985316,-0.3240980323477507,-0.05192560974715199,0.12103014851725637,-0.22659997769864623
-0.9054116359187092,-0.7021582946085918,-0.383501118692598,-0.23353884884719842,0.3600505308682779,-0.4974121291797929,-1.2987021063691804,-1.2777138757196989,-0.9164269211166959,-0.24510113496402905,-0.2969489930373252,-0.9574095022189492,-0.7468388057038755,-1.3214342613514831
-0.4224259335412528,-0.5201183409694087,-0.9898291346783944,-0.7542998145338915,-0.7779840342515962,-0.8036521095265016,-0.343194213101463,-0.7972944117636446,-0.9172742025085713,-1.3692267957796693,-1.233590849247,-1.3347540130517106,0.18915395849700176,0.5358738984167225
0.6523260348121865,0.28085745504299725,-1.013249530145657,0.08709496886898858,-0.851812225976145,-0.6226152150673976,0.7256790234353052,0.16824299501356002,-0.6774935686078367,-0.6059224092827489,-0.9462635165449984,-0.0940910001621766,-0.5169209470222348,-0.511305767978904
0.08231588155590887,0.3233334442254733,0.6600076126820986,0.6250711730907789,-1.2101490589806623,-1.4313594725576002,-0.38044282588986544,-0.3885267505003025,0.21299917425319512,-0.9786470658470344,-0.4500394091488905,0.03454917398535586,0.054325584578755505,-0.1557290084443331
-0.3745624855579013,-0.765872278382306,0.24624729276046084,0.06127211106634265,-0.187358500455206,0.6531027141117087,0.20743745420535692,0.8154584586805185,-0.1716665776582308,-0.37901418522664676,-0.027721019875607184,-0.5157449043124215,-0.8717324573334088,-0.6481600534355088
-0.8618994104792987,-0.6627163046534356,-0.10505863924847693,-0.3906279004799612,-0.1261351219519216,-0.5752410744612769,-0.3172821346399657,-0.5330049756020009,-1.1799314339899414,-0.5612847258618763,-0.7999603602610396,-1.596322367151693,-1.484137124130495,-1.3837518377647586
0.17804277752261213,-0.4958463471508509,-0.4381487081162106,-0.1280955128197276,-0.129736497157997,-0.10995933636544884,-0.6039345026202808,-0.20528607476156288,-0.859659067861045,-0.8648209731238096,-0.670248283555674,-1.4183701262476067,-1.14706618933488,-1.226125026837062
-0.7357139567050083,-1.0996121933874752,-0.6307164041803691,-0.719869337463697,-1.0282796110738468,-0.9373148633794848,-1.9157334747335875,-1.1144417351576168,-0.8325460633210325,-1.195883791828614,-0.913835497368657,-1.4197994615159126,-1.0952637088294483,-0.6316642243849357
-0.8749530781111219,-0.5201183409694087,-0.6046937425500774,-0.0764497972144356,-0.1693516244248282,-0.4246589846775362,-0.398257379832145,-0.5576719896437544,-0.8732155701310511,-0.9265697685226832,-0.5918177255477783,-1.1496550958060947,-1.7218608360389818,-0.6848174513256707
-0.9750311966217661,-0.46247235565033407,0.19420196949987742,-0.2077159910445525,-0.9040321664642404,-0.6919844923835027,-1.2857460671384315,-0.25462010284506964,0.11640909557940081,0.2920389888671371,-0.5714559460649595,-1.1325030725864236,-0.23945834595889656,0.14852739404401116
-0.8662506330232399,-0.6050703193343608,-0.9950336670044527,-1.0254398214616738,-0.884224602830825,-0.9948406055440598,-1.2080098317539392,-1.514987058407041,-1.142651052747424,-1.0731301624212146,-1.1129284523117762,-0.6486730842648716,-0.8476052746322491,-0.127625003395209
-0.352806372838196,-0.1985144228735185,-0.060820114476981046,-0.5477169521127241,-1.1345201796530757,-1.0286792774055746,0.1345597335323954,0.05078102338616308,-0.9138850769410697,-1.1266953825262618,-1.127257111947834,-0.40854475918947775,-0.8923115249314569,-0.6756531018531302
-0.8662506330232399,-0.3502143842395044,-0.5760688147567565,-0.4336659968177045,-0.803193660694125,0.21319997991201695,0.37910497401277726,-0.8325330032518637,-0.8757574143066773,-0.5374779613707442,-0.17477831614041114,0.8800009851883046,0.7114365016750499,-0.18566588338796547
-0.15265013581690773,0.18983747822340558,-0.13108130087876863,-0.6488564785064206,1.0155008183740282,0.46868195246645344,0.6349867488200643,0.9376189091730115,-0.7850983053760109,-1.1319031122586969,-1.110666032369241,-1.176097798269754,-0.8547015048384723,-0.8876550529845667
0.5043844683181908,0.8148413190512678,-0.10766090541150616,0.13658877965739338,-0.45926232851390997,1.304497147445868,-0.06140035983267859,-0.3791297927701106,-1.008780592831113,0.06959453315312217,0.0718254575959526,0.5898459257222037,0.249471915249901,-0.22232328127812745
0.0692622139240858,-0.13783443832712405,-0.6151028072021941,0.7498816524702345,1.4746761571486608,1.1911375967097932,-0.47923262502432445,0.007320093884026032,-0.15302638703697222,0.5301066337784575,0.7332062207971481,0.30969621313424434,-0.8000605322505516,0.21878740666682164
0.352091679280254,-0.3138063935116678,-0.537034822311319,-0.6789831459428409,-1.0300802986768847,-0.5295588674482319,-0.607173512427968,-0.3709074547561929,-0.6613952221622044,-0.9526084171848589,-0.6031298252604556,0.04169585032688544,-0.07908354329824582,-1.098435090852998
-0.4441820462609581,-1.0510682057503598,0.52989430453064,-0.19050075250945528,-0.7527744078090672,-0.6023120119504886,-0.5100032181973526,0.12595668522769715,-0.8757574143066773,-1.2896229270124464,-0.6823145232491963,0.6906140621377708,0.32753044751835936,-0.0940223886625605
-0.7531188468807726,0.5994273739115679,0.48045124743308604,0.12798116038984464,1.1631572018231255,1.4161647645888666,0.3337588367051568,0.11773434721377926,-1.0901196064511502,-0.9064828109832905,-0.16648277635111458,0.8671369677735512,-0.0499889994527296,-0.527801597029477
0.2650672284014329,0.9968812726904511,-0.2924218029865772,-0.5778436195491443,-0.6861489664966697,-0.4297347854567633,-0.21525332569781963,-0.7749766371544391,-1.2502557895155983,-0.8945794287377246,-0.969641855951198,-1.0917670174397052,-0.3444825530110041,-0.09646621518857137
-0.7009041763534799,-0.960048228930768,-0.33926259392110214,-0.493919331690545,-1.1993449333624355,-0.4720331252836568,-0.7205388556970191,-0.8301837638193158,-0.8876193537929328,-0.8789562395404192,-1.216999769668407,-1.1882471480503545,-1.0711365261282888,-0.8296141729918104
-0.8923579682868862,-1.026796211931802,-0.9299770129287235,-0.6682236218584051,-0.2972004442405102,-0.6158474806950947,-0.3610087670437425,-0.7397380456662199,-1.0147115625742409,-0.9407050349392928,-0.7909106804908977,-0.46071549648264365,0.038004255104441324,-0.243095806749219
0.0039938757649700014,-0.01950846846165497,-0.4719781682355898,-1.0297436310954482,-1.1183139912257358,-0.7342828322103963,-0.5197202476204142,-0.28163635631937095,-0.6783408499997121,-0.9905504480926005,-1.38441884541603,-0.9273934615845248,-0.6900689640540876,-0.5730123877606766
-0.696552953809539,-0.9236402382029314,-0.6515345334846024,-0.8597431505613624,-0.5673035846961765,-0.6395345509981549,-0.9828986501196804,-1.4280651994027673,-0.7410396729984908,-0.8633330503431138,-0.6928724829810284,-0.7372918708998383,-0.4601511053724469,-0.2559258960107756
-0.3963185982776065,-0.8144162660194215,-0.8206818340814984,-0.6359450496050977,-0.3674272607589834,-1.4178240038129943,-0.5261982672357886,-0.5999582994296174,-0.37162498614082196,-0.6572557452167522,-0.46889290867001926,-0.8001826227052986,-0.49208414130045264,-0.24248485011771634
-0.6095285029307179,-0.8568922552018976,-0.8467044957117902,-0.5972107629011287,-1.1777366821259823,-1.1082001562801345,-0.5812614339664706,-0.5071633418439736,-0.6986756034047215,-0.4303475211606501,-0.3414432519071891,-0.2799045850419455,-0.3451921760316266,-0.24676154653823545
-0.33105026011849076,-0.7901442722008637,-0.6879662597670109,-0.8360721975756037,-0.2575853169736791,-0.033822324677040806,-0.12456105108257855,-0.5517988910623846,-0.5198992297190147,-0.9049948882025949,-0.6031298252604556,-1.2339858766361436,-1.2336401978508063,-1.2597276415697105
-0.2918892572230214,-1.1087141910694343,-0.9455906099068986,-0.9544269625043975,-0.5510973962688365,-0.2368543558461293,-0.5294372770434755,-0.8125644680752062,-0.12676066388883528,-0.4690335134587397,-0.6951349029235638,-1.1139217140984468,-1.5025873226666764,-0.816173127098751
-0.7270115116171263,-0.7051922938359116,-0.5734665485937274,-0.7865783867871989,-0.7005544673209718,-0.5921604103920344,-0.5553493555049731,-0.858374637009891,-0.4419493416664791,-0.5806277220109209,-1.1129284523117762,-1.434092814198972,-1.4954910924604528,-1.0403942108602415
-0.705255398897421,-1.1481561810245906,-0.9117611497875193,-0.18189313324190656,-0.4070423880258145,-0.45342185575982386,-0.4614180710820449,-0.47662322922085026,-0.0530471827956765,-0.44597071035795566,-0.6272623046475004,-1.0052922337071974,-1.3095698610573976,-1.0636105628573442
-0.6834992861777157,-1.0298302111591218,-1.0080449978195987,-0.5412612376620626,-0.3422176343164546,-0.19793988320538738,-0.2994675806976862,-0.5447511727647406,-0.1504845428613461,-0.12978711946010843,-0.594080145490314,-0.9967162220973619,-1.0917155937263368,-1.1014898740105115
-0.8967091908308272,-0.5140503425147693,-0.5110121606810274,-0.2055640862276654,-0.15134474839445045,-0.4652653909113539,-1.1610441895424752,-0.5177349192904394,-0.4614368136796131,-0.6676712046816226,-1.1981462701472783,-1.0045775660730443,-1.2017071619228006,-1.297606952722878
-0.9793824191657071,-0.875096250565816,-1.0783061842213861,-1.0383512503629968,-0.9976679218222049,-0.7241312306519418,-1.2695510180999956,-0.46487703205811054,-0.7944184006866402,-0.6713910116333619,-1.0450558540357129,-1.1417937518304122,-1.475621647883027,-1.45645567691358
-0.961977528989943,-0.8538582559745779,-0.7894546401251484,-0.10012075020019445,-0.8968294160520893,-0.406047715153703,-0.8339041989660704,-0.7150710316244665,-1.4036137214450435,-0.8811881237114628,-1.5646583008380204,-0.6808331278017545,-0.9214060687769732,-1.1864128457893868
-0.5050991618761327,-0.6445123092895172,0.16297477554352738,-0.5498688569296112,-0.8806232276247493,-1.175877500003164,-1.3829163613690467,-0.9535188340280829,-1.2841470451906138,-1.1966277532189622,-1.3859271253777201,-0.4664328375558673,-1.2031264079640456,-1.2395660727301216
-0.1178403554653794,0.16859948363216756,-0.7842501077990901,-0.9824017251239308,-0.803193660694125,-1.0286792774055746,-1.4169259643497623,-0.6657370035409598,-0.7876401495516371,-0.9697195291628601,-1.5360009815659048,-0.3192113049203582,-0.5871736260638473,-1.1680841468443057
0.3303355665605487,0.05634151222133809,-0.3158421984538397,-0.532653618394514,0.12416045487032933,0.5008286907348927,-0.08893194319801971,-0.8031675103450144,-1.3714170285537786,-1.17282098872783,-1.0993539326565638,0.027402497643826282,-0.9022462472201698,-1.041616124123247
-0.4224259335412528,-0.7355322861091088,-0.6697503966258066,-0.2894883740862647,-0.6483345268328763,-1.348454726496889,-0.5245787623319449,-0.43903539830008326,-0.7910292751191386,-0.6632074363395353,-0.6348037044559519,-0.8466360189252407,-0.9235349378388402,-1.0587229098053226
-0.33105026011849076,-0.5140503425147693,-0.43034190962712304,-0.8640469601951368,-0.7095579053361607,-0.44157832060829355,-0.5019056936781346,-0.5153856798578913,-0.5275247622458933,-0.8253910194353722,-0.8753743583455544,-1.0038628984388913,-1.0952637088294483,-0.7422473746869244
-0.9880848642535893,-0.7962122706555032,-0.9638064730481027,-0.9307560095186387,-0.9616541697614494,-1.289237050739238,-1.1156980522348547,-0.906534045377124,-0.6097110572578058,-0.724212270348061,-1.075975593250364,-1.2003964978309547,-1.2882811704387271,-1.2621714680957212
-1.1142703180278797,-0.9297082366575709,-0.9013520851354027,-0.33037456560712075,-0.3980389500106256,0.25549831973891046,0.04386745891715453,-0.3767805533375628,-0.4529639997608592,-0.8886277376149415,-1.075975593250364,-0.9016654267550185,-0.8064471394361529,-0.8766578336175181
-0.36586004047001924,-0.6020363201070412,-0.7998637047772651,-0.7091098133792612,-0.2539839417676036,-0.7325908986173205,-0.9780401354081497,-0.9875828058000279,-0.664784347729706,-0.7361156525936271,-0.9809539556638752,-0.9488334906091136,-1.025011029787836,-0.846720958673886
-0.6660943960019516,-0.4928123479235312,-0.9091588836244903,-0.9307560095186387,-0.9652555449675249,-1.5396432225144474,-0.901923404927501,-0.4613531729092887,-0.8367824702804095,-0.7941446410407613,-0.8316342394565359,-1.1996818301968017,-1.5912902002444698,-1.3006617358803916
-0.796631072320183,-0.884198248247775,-0.8258863664075567,-0.34974170895910517,-0.129736497157997,-0.309607500348386,-0.343194213101463,-0.8019928906287405,-0.7054538545397245,-0.778521451843456,-1.049580693920784,-1.4333781465648188,-0.8440571595291373,0.26094341424050765
-0.3919673757336655,-0.8508242567472581,-0.29502406914960627,-0.6488564785064206,0.10075151603083807,0.8172202726400556,-0.1002684775249247,-0.8677715947400829,-0.3868760511945789,-0.5300383474672654,-1.1468647514498078,-1.5991810376883049,-1.0512670815508627,0.04222094016254134
-0.2309721416078466,-0.5929343224250819,0.07189545983750657,-0.21632361031210123,-0.1693516244248282,-0.5143314651105503,0.2657396307437264,-0.29103331404956284,-0.3301081979389281,-0.5255745791251782,-1.075221453269519,-1.6063277140298344,-0.8774094414983875,-0.07691560298048478
0.19109644515443505,-0.2743644035565114,0.09791812146779828,-0.0032850334402721036,0.07734257719134707,-0.40943158233985455,-0.12941956579410924,-0.1395073706502204,-0.45635312532836075,-0.9228499615709439,-1.5133767821405504,-1.2990206313440626,-0.7312270992501838,0.17113278940961094
-0.2657819219593751,-0.10142644759928743,-1.0626925872432111,-0.5089826654087551,-0.7419702821908407,-0.31468330112761334,0.8455223863197311,0.004970854451478021,-0.6020855247309272,-1.2911108497931423,-1.348974266316308,-0.8037559608760634,-0.32745160051606786,0.648289918613219
-0.8009822948641241,-0.9054362428390131,-0.9898291346783944,-0.17328551397435796,0.0017136978637605914,-0.2690010941145683,-0.32537965915918343,-1.0016782423953157,-1.102828827329281,-1.25688862583714,-0.9485259364875338,-0.7823159318514746,-0.3785444580008768,-0.0005460240426476434
-0.27448436704725715,-0.046814461507532386,-1.0366699256129195,-0.3561974234097667,-0.5330905202384587,0.6869413859732235,1.6115482058377482,-0.1864921593011793,-0.8672846003879234,-0.33586442458647,0.2603604528072396,0.6084272842101806,0.9619334279547388,0.8694562192171962
-0.8357920752156526,-0.5777643262884834,-0.737409316864565,-0.11088027428463028,0.15837351932804702,-0.06258519575932824,0.6657573419930928,0.8506970501687376,0.7815249882015798,0.675179104896293,0.662317062597704,0.7563634844798428,0.86258620506761,1.3588324810508583
0.5087356908621317,0.11095349831309292,0.3503379392816275,-0.8834141035471212,-1.0228775482647336,-0.04566585982857084,-0.2622189679092837,-0.325097285821508,0.4476961198026771,0.13134332855199587,0.006969419243269819,0.583413917014827,0.7745929505104386,1.1382771370783837
-0.3266990375745497,-0.13480043909980424,-0.12067223622665202,-0.6553121929570821,0.5941399192631887,0.19966451116741113,0.294890719012911,-0.3967490885142202,-0.5309138878133949,-0.22724606159568014,1.2935322265650935,1.1480013479956634,0.8781979115213016,1.2836848153760265
0.3738477919999592,-0.2015484221008381,-0.04000198517274783,-0.4099950438319456,1.865425367007858,0.9965652335060837,-0.5326762868511629,-0.6222760740388229,0.004567951851849819,-0.021912717859666368,0.5816240846472732,0.436907052013471,0.6745361046026875,0.5548135539933062
0.3172818989287255,3.7851265625972736,3.1165468705816344,1.8946950150542043,0.6823736118120397,0.43991908138416574,1.4512172203572329,1.08209713427471,1.0323202801966944,1.2294303407054603,0.5114890664286745,-1.5148502568582558,-0.04005427716401664,1.478579980825387
-0.4528844913488401,-0.04378046228021279,1.3391990812327117,0.6100078393725689,-0.9040321664642404,-0.9440825977517877,0.33699784651284415,0.7344096982576143,0.08421240268813612,-0.20567118127559164,-0.16949933627449504,-0.7029878244604963,-0.5396288836821498,1.1407209636043947
2.4537321680037807,0.2110754728146438,-0.14669489785694373,-0.7263250519143585,-0.659138652451103,-0.8662536524703037,1.4965633576648534,2.0711269353773942,0.9009916644560093,0.49737233260315084,0.25885217284554946,-1.1153510493667527,-1.2173188683764924,0.9421600583660176
-0.07867935256990989,-0.43213236337713684,0.47524671510702776,0.04190496771435824,0.6805729242090018,-0.1234948051100549,0.9831803031464358,0.46777102266342274,-0.2826604399939065,-0.20418325849489605,0.001690439377353731,-1.1439377547328708,-0.7000036863428005,0.632405046194149
-0.24837703178361084,-0.28346640123847056,0.8083367839747612,-0.04632312977801537,-0.9436472937310716,-0.3586735745475824,-0.8727723166583164,0.7696482897458334,0.9340356387391495,1.18404869589424,0.4602075477312042,-1.1932498214894252,-0.5843351339813577,1.2604684633789238
-0.7226602890731852,0.40828542259042555,0.47524671510702776,-0.04847503459490259,0.5779337308358488,2.607286014114186,1.762162161895202,0.8459985713036416,1.3915675903518585,1.6378651440064442,0.4911272869458552,-0.9288227968528309,0.39991199562183916,1.667976536591224
-0.17005502599267197,1.2851111992858244,0.17858837252170248,-0.6380969544219848,1.751982048016478,4.698515935155799,4.069956649872316,2.626722061174983,1.4025822484462382,0.0852177223504277,0.21812861387991128,0.5119471535995312,2.01998135170266,2.4066231040779873
-0.13959646818508467,-0.5838323247431229,-0.47978496672467735,-1.0318955359123354,-0.7185613433513496,-0.5837007424266556,0.07625755699402632,-0.31335108865876826,-0.21233608446824936,-0.3366083859768178,-1.0058405750317652,-0.22844851538293248,-0.8468956516116266,-0.21193701854258135
0.7262968180591843,0.15949748595020857,-0.23777421356296455,-0.18189313324190656,-1.2317573102171155,-0.26392529333534115,0.942692680550346,0.463072543798327,-0.14878998007759528,-0.5017678146340462,0.24829421311371724,0.537675188429038,1.2841022793172847,1.7156311538484348
-1.1621337660112312,-0.22885441514671562,-0.6957730582560983,-0.6725274314921794,-0.570904959902252,0.3011805267519553,1.1839989112230411,0.3691029664964092,-0.34366470020893425,-0.48540066404639304,-1.0329896143421904,-0.18342445443129615,-0.2068156870102686,0.16013557004256254
-0.0047085693229120444,0.04723951453937888,0.865586639561403,0.5777292671192614,-0.41424513843796557,0.00847601514985268,-1.7343489255031055,-0.7902466934660007,-0.406363523207713,-0.6966856989051897,-1.0722048933461383,-1.2239805297580022,-1.7623093482144556,-1.0911036112749657
-0.48334304915642745,-0.7233962891998299,-1.0731016518953278,-0.8597431505613624,-0.5943138987417431,-0.9694616016479238,-1.3845358662728906,-0.7115471724756447,-0.31824625845267257,-0.7718257993303251,-1.100862212618254,-1.311884648758816,-1.2336401978508063,-1.17358275652783
0.8655359394652977,-0.3198743919663072,0.39978099637918185,1.569757387704243,1.8384150529622914,1.45846310441576,1.62126523526081,-0.6798324401362474,-0.4470330300177315,-0.040511752618363275,-1.0684341934419126,-0.0069015487955156685,-0.37357709685652035,0.13325347825644368
4.442240870584841,5.9301640163123155,6.819571620572141,8.012560409464404,5.868353908560833,1.260506874025899,1.0317654502617435,-1.517336297839589,0.13166016063315775,0.11051240962225536,0.4096801690145793,-0.17699244572391964,0.2842434432603962,0.19862583782723242
-0.3963185982776065,0.11702149676773232,0.30089488218407334,0.5217797418801952,-0.23597706573722582,-0.29607203160378015,-0.024151747044276112,1.5977551897189834,-0.480924285692747,-1.3417002243367977,-0.08503565841983847,0.07742923203453335,-0.6851016029097313,0.44728518684883106
1.4660046505291626,2.0648490007069924,2.830297592648426,1.481529290211869,1.2351847059446366,0.24365478458738019,-0.5375348015626935,-0.5165602995741653,0.2824762483869767,1.1267636688374536,2.3395243799973153,1.928418404490693,1.6971028773194916,1.4773580675623819
0.18674522261049417,-0.7598042799276665,0.6704166773342153,1.3760859541843982,-0.7257640937635007,0.2267354486566228,1.1856184161268846,0.3056735018176149,1.069600661439211,1.703333746357057,2.3900517587139403,2.3329202854212667,3.0418385013988414,2.498877555434895
1.2832533036836387,2.5047788886683517,2.1589129225869,2.0603916859545155,1.233384018341599,-0.8205714454572589,-0.6217490565625603,-0.7925959328985487,-0.3402755746414328,0.20053173785434833,0.6366763032489688,1.2509134873136896,1.749614980845545,1.1834879278095836
-0.5660162774913075,-0.39875837187661994,-0.4589668374204439,-0.33252647042400785,-0.1909598756612814,-0.9711535352409996,-0.2589799581015964,0.048431783953615075,-0.9960713719529823,-0.5568209575197891,0.45643684782697846,1.6061033014877093,2.0873955386617826,1.6575902738556778
0.06491099138014478,0.42042141949970435,0.5585192323239611,-0.042019320144241076,-0.2521832541645658,-0.793500507968047,-0.8922063755044395,-0.8019928906287405,-0.26571481215639875,0.5278747496074137,1.1411959504343736,1.776194198416113,1.5934979163086285,1.21892341243674
-0.7661725145125957,-0.6232743146982792,0.0276569350660107,1.1953259495658768,2.0923120049906174,-0.20639955117076608,-0.736733904735455,-0.29925565206348054,-0.8613536306447958,-0.8008402935538923,0.10274519681060364,1.0586678937265437,0.7618197361392366,1.085123910137649
0.1693403324347298,0.11702149676773232,0.0927135891417398,0.5970964104712458,0.15117076891589598,-0.49064439480748995,-1.3634823025229237,-0.4531308348953708,-1.0384354415467516,-1.405680903906715,-1.10614119248417,-0.5521929536542223,-0.5673041814864215,-0.1062415212926145
0.5914089191970116,0.5175093947739354,0.7016438712905655,0.16671544709381358,0.8354320580702504,0.8087606046746768,0.5297189300702311,-1.1226640731715347,-0.9859039952504777,-1.465197815134545,-0.8361590793416067,-0.024053572015186743,0.19554056568260259,0.4705015388459335
1.3354679742109312,0.271755457361038,0.15516797705443983,-0.33037456560712075,0.4951021010961109,-0.4618815237252025,-0.5877394535818449,-1.0568853690601925,-0.5758198015827903,-1.2881350042317508,-0.5895553056052429,-0.34565400738401747,-0.3317093386398019,-0.09035664887354437
-0.12219157800932041,-0.9509462312488088,-0.2507855443781104,0.5432987900490668,0.5257137903477532,-0.44496218779444513,0.3256613121859389,-0.20058759589646702,-1.1189271737749134,-0.8462219383651126,-0.92891829698556,-1.191105818586966,-1.432334643625064,-0.6163903085973683
-0.35715759538213704,-0.7992462698828229,-0.612500541039165,1.066211660552647,1.6637483554676273,-1.0625179492670893,-0.7982750910815113,-0.6093552571598091,-1.0841886367080225,-1.0389079384652125,-0.934197276851476,-0.5471902802151515,-0.018055963524723908,0.06727016205415197
1.0352336186789985,1.5187291397894427,4.055964955435164,4.4403984134317165,4.454814140176179,2.0320285924684356,-0.9699426108889317,1.1044149088839152,-0.6978283220128461,-0.9987340233864272,-0.5684393861415789,-0.20057647765096723,-0.023023324669080587,0.23711610561190263
0.7045407053394791,0.2656874589063986,0.6730189434972444,1.0339330882993396,1.1631572018231255,0.7563106632893286,0.4390266554549902,-0.6763085809874255,-0.5105791344083855,-0.30313012341116335,0.32823305108330303,0.583413917014827,0.9058732093255731,0.8059167295409154
-0.03951834967444053,0.6510053607760031,0.5663260308130488,-0.6703755266752922,0.15837351932804702,1.0608587100429618,-0.1002684775249247,-0.2922079337658368,-0.3419701374251834,-0.23468567549915892,-0.27809549351619645,0.2589548111093844,0.38288104312690274,0.4839425847389931
-0.7748749596004778,-0.4928123479235312,-0.44075097427923976,-0.33683028005778226,0.8390334332763261,1.7190208777494236,0.44226566526267747,-0.49071866581613804,-0.35891576526269114,-0.21087891100802683,0.09218723707877147,0.3332802450612921,0.664601382313975,0.8657904794281801
0.530491803581837,0.15646348672288876,0.022452402739952214,0.6530459357103121,-0.5979152739478186,0.2859531244142737,1.273071680934438,0.1987831076366835,-0.8096694657403971,-0.07994170630680068,-0.04129553953081983,0.37044296203724575,0.8533611057995193,1.2665780296939508
-0.8618994104792987,-0.15603843369104226,-0.3444671262471605,-0.35404551859287947,0.9812877539163102,1.2672746083982016,1.1224577248769843,0.40551617770090226,0.08167055851251001,-0.2659320538937697,-0.10238087797927686,0.4283310404036353,0.9995434480477231,1.3319503892647397
-0.27883558959119814,-0.8447562582926188,-0.8024659709402943,0.6487421260765377,0.6589646729725485,0.7783057999993136,0.9070635726657874,-0.4108445251095079,-0.29282781669641095,0.10753656406086398,0.19399613449286665,0.4304750433060943,0.08767786654800573,0.20717923066827026
0.3085794538408434,0.28389145427031703,-0.36528525555139385,-0.7112617181961483,1.1847654530595788,1.4719985731603658,0.2155349787245749,0.3127212201152586,-0.05982543393067956,-0.4749852045815227,-0.28262033340126747,-0.25203254730998004,0.0905163586304952,0.36236221506995575
-0.13524524564114349,-0.3593163819214636,-0.5604552177785815,0.4486149781060316,1.1037345109228789,0.7901493351508434,0.1620913168977365,0.36088062848249136,0.07658687016125777,-0.05167117347358142,0.39685978934021154,0.8171102333828442,0.5496424529731543,0.31654046770725325
0.23460867059384558,0.3779454303172283,-0.9351815452547819,-0.640248859238872,-0.5745063351083275,-0.5261750002620805,-0.45008153675513995,-0.24992162397997378,-0.4622840950714884,-0.42737167559925876,-0.41836552995339416,-0.08337098564988223,0.1501246923627726,-0.06775125350794428
-0.5660162774913075,-1.0419662080684005,-0.5188189591701148,-0.214171705495214,-0.21797018970684803,-0.2114753519499932,0.24630557189760327,-0.31570032809131615,-0.18776492410386303,-0.22575813881498435,-0.15064583675336632,0.043839853229344077,0.2508911612911459,0.5205999826291551
-0.1874599161684362,-0.8053142683374623,-0.41993284497500644,0.47228593109179046,0.8408341208793639,0.832447674977737,-0.038727291178868375,-0.13833275093394654,0.29264362508948144,0.33370082672661805,0.3704648900106313,0.3247042334514564,0.42971616248797767,0.8004181198573913
-0.09608424274567413,-0.6718183023353947,-0.2533878105411396,-0.6316412399713234,0.12776183007640474,0.35532240173037877,0.17342785122464172,0.27865724834331357,0.20622092311819182,0.029420618074336973,-0.11595539763448952,-0.07693897694250552,0.16218828371335234,0.6623419211377812
0.41736001743936973,-0.1833444267369199,0.649598548029982,0.769248795822219,0.929067813428215,0.793533202336995,1.486846328241792,1.48734093638923,0.8967552574966324,0.47282160672167073,0.966235474878299,1.0200758414822844,0.7859469188403961,1.038691206143444
-0.27883558959119814,1.4216411645152118,1.461505590895083,-0.24214646811474716,0.6589646729725485,1.0236361709952955,0.6171721948777851,0.9035549374010664,1.2890465419349366,1.0672467576096236,0.7286813809120773,0.8121075599437736,0.9115501934905521,1.0716828642445897
1.8402097893080926,1.4095051676059331,0.386769665564036,-0.694046479661051,0.1997893341979158,1.2774262099566562,1.1337942592038897,0.6451385998207925,1.0052072756566817,1.5649569277523525,1.8877945314710713,1.9598637803934236,2.287509230477285,2.3693547495563227
-0.3615088179260782,-0.3744863780580621,-0.8284886325705858,0.48950116962688767,0.5635282300115463,1.072702245194492,2.915249653431837,2.482243836073284,1.3051448883805685,1.5195752829411318,1.1909691891701533,-0.8380600073154053,1.3387432519052056,4.272484656687231
0.35644290182419514,0.6115633708208467,0.49346257824823175,-0.01404455752470792,-0.8932280408460139,0.6361833781809514,1.3864370242034894,1.6294699220583806,1.0984082287629744,0.3828022784895778,0.844064797981385,1.0665292377022262,1.3046813469153327,1.8164389980463798
4.694611778133422,2.5533228763054674,2.463378063661313,2.0302650185180955,1.8456178033744426,0.646334979739406,0.9022050579542568,0.9564128246333949,-0.12167697553758282,-0.011497258394796223,1.4277691431555304,2.127810674419368,3.1191874106466764,2.4597763310187224
0.6566772573561274,0.186803478996086,-0.5292280238222316,1.0059583256798066,2.702745102420424,2.6478924203480037,1.36862247026121,0.3773253045103271,0.023208142473108397,0.7443675141986456,1.0786023320242264,2.042050558321013,2.439368556890467,2.972368944849487
3.73299159592245,2.362180924984325,1.112801925049174,-0.39277980529684847,-0.9346438557158826,0.37393367125421223,1.9451662160295276,1.543722682770381,2.1795392847959683,2.45175890504702,1.0951934116028195,-1.0831910058298697,-1.504006568707921,-0.7220858058473353
2.9410690929251784,1.324553189240981,0.496064844411261,0.14519639892494196,-0.24137912854633917,0.27241765566966786,-0.4403645073320784,3.3784786795903248,3.3640386706377594,2.1891405342542196,0.8478354978856107,-0.5764916532154227,-0.4679569585992927,0.06727016205415197
2.1665514801036716,0.9786772773265328,-0.2247628827478187,2.409000266290236,1.0425111324195948,-1.3873691991376311,-0.7205388556970191,1.5636912179470381,3.2962561592877284,3.3675753765652554,1.989603428885166,0.05455986774163845,-0.770256365384413,0.837075517747553
3.441459685478399,2.080018996843591,-0.4719781682355898,0.6379826019921019,-0.005489052548390466,0.13367910103745734,3.410818154007975,3.8095641154628725,3.1793313272089248,2.889208202571571,2.217353703100401,-0.18270978679714328,-0.23661985387640727,-0.17589057728392235
-0.8618994104792987,0.6874133515038398,1.81541378906705,1.4255797649728033,-0.626726275596423,0.30625632753118265,2.0714875985293273,3.7813732422722968,4.07829688398871,2.2293144493330055,0.7437641805289803,-1.195393824391884,0.1905732045382463,0.5988024314615005
3.463215798198104,2.7110908361260924,1.2689378948309242,1.4922888142963049,0.9452740018555547,1.1589908584413546,1.1856184161268846,3.4242888485250096,4.282491699430678,2.7366961175502564,1.786739774037821,-0.10338167940616501,-1.2151899993146253,-0.04453490151084189
0.6001113642848936,1.5703071266538782,1.0269271416692114,0.58633688638681,-1.0552899251194137,-1.3010805858907684,-1.047678846273424,0.8342523741409019,1.7906371259251654,3.7373241875681495,3.7542909840628145,1.8054955714163843,0.18773471245575682,-0.6267765713329142
1.9098293500111496,2.6231048585338206,3.1920125893094804,2.0560878763207415,1.2459888315628636,2.9169098616470466,2.168657892759943,0.4290085720263817,-1.1079125156805334,-0.7204924633963217,-0.47115532861255466,0.4669230926478951,0.3644308445907217,-0.49664280882283923
-0.5573138324034252,0.7359573391409554,0.7797118561814406,0.14519639892494196,-0.9328431681128448,0.0034002143706255558,0.19772042478229557,-0.8254852849542199,-0.21318336586012465,-0.9689755677725123,-0.4319400496086068,0.1245972958886285,-0.672328388538529,-1.183969019263376
0.5217893584939549,2.2772289466193727,0.20721330031502327,-0.6639198122246308,-0.18915918805824355,0.13198716744438158,0.9248781266080667,1.245369274836792,0.7696630487153242,-0.018192910907926987,-0.6167043449156685,0.11745061954709893,0.2877915583635079,-0.04453490151084189
1.8054000089565645,2.63220685621578,2.6247185657691214,2.374569789220041,1.6961607323223071,-0.341754238616825,-0.8112311303122601,-0.46957551092320643,-0.1614992009557261,-0.6215455984800542,-0.017917200124620072,-0.5307529246296335,-0.3203553703098444,0.0843769477362277
1.0178287285032346,0.5417813885924933,2.0314018805984704,1.4320354794234644,-0.9094342292733538,-0.040590059049343714,-1.0962639933887315,-1.066282326790384,0.43837602449204793,-0.335120463196122,0.1359273559677903,0.21464541779190113,0.19554056568260259,0.23467227908589178
0.974316503063824,1.6977350942013063,0.4778489812700568,-0.2701212307342802,0.43928078540194004,2.343344373594371,0.9086830775696308,0.7884422052062172,0.7095060698921718,-0.5865794131337041,0.2128496340139954,0.19392005640146529,1.2039148779869593,0.4246797914832313
0.03010121102861629,0.9210312920074581,1.4406874615908494,1.0339330882993396,0.08814670280957378,-0.7055199611281088,-1.7586414990607593,-0.6269745529039187,-0.010683113201907114,-0.8067919846766752,-1.3881895453202557,-1.1453670900011772,-0.05708522965895309,0.07460164163218456
1.8663171245717391,3.60915460741273,1.7529594011543497,1.171654996580118,-0.15314543599748803,1.2757342763635802,-0.1747657031017299,1.699947105034819,-0.3097734445339187,-0.9578161469172941,0.12838595615933882,1.0100704946041428,0.4538433451891376,-0.8351127826753346
3.171683887754054,1.3518591822868584,0.3607470039337443,0.18608259044579817,-0.20896675169165915,0.4771416204318321,-0.36910629156296043,0.5171050507469297,-0.4868552554358746,-0.5307823088576135,0.10953245663821007,0.0888639141809806,0.042971616248798,6.493258885532761e-05
1.574785214127689,0.802705322141989,0.7771095900184113,1.2727945229738145,3.116903251119112,0.35701433532345483,0.9410731756465026,-0.42024148283969964,0.5815665797189883,0.9965704255265754,-0.17779487606379182,-0.8073292990468282,0.9200656697380202,1.6539245340666622
1.8271561216762697,1.5672731274265583,2.1797310518911335,2.0582397811376287,0.9596795026798568,0.20135644476048692,0.1118866648785854,0.39611921997071053,0.0477793028374945,0.03314042502607636,0.39761392932105705,1.056523890824085,1.3061005929565777,1.7376255925825315
-0.37021126301396023,0.456829410227541,-0.27160367368234384,0.5970964104712458,-0.01989455337269283,-1.2215597070162088,-0.4824716348320115,-0.325097285821508,-0.1869176427119877,-0.6312170965545766,-0.4281693497043811,-0.5143155690441156,-1.0562344426952193,-0.24431772001222457
-0.3615088179260782,-0.32290839119362696,-0.8414999633857317,-0.2055640862276654,-0.5835097731235164,-0.4737250588767326,0.3920610132435264,0.09776581203712166,0.10200531191751941,-0.17070499592924163,-0.46436806878494824,-0.6794037925334487,-0.8937307709727015,-0.9768547211839608
-0.2657819219593751,-0.2106504197827973,-0.6983753244191274,-0.6768312411259538,-0.6141214623751586,-1.5734818943759623,-1.6080275430033055,-0.6363715106341105,0.5010748474908265,0.2816235294022669,-0.08956049830490928,-0.7051318273629552,-0.7120672776933805,0.07460164163218456
-0.7009041763534799,-0.5565263316972453,-1.0236585947977737,-0.6961983844779382,-0.9382452309219582,-0.955926132903318,-0.7675044979084832,-1.1907920167154251,-0.3428174188170589,-0.002569721710621666,-0.0518534992626518,-0.3692380393110651,-1.1009406929944272,-0.6634339692230762
-0.2570794768714929,0.029035519175460465,-0.058217848313951985,0.013930205094825085,0.43567941019586437,0.793533202336995,0.7418740724737412,0.19525924848786133,-0.0428798060931718,-0.0033136831009694598,-0.8482253190351291,-1.6227650696153524,-0.6843919798891088,0.0843769477362277
-0.7618212919686548,-0.9570142297034482,-0.41472831264894805,0.09139877850276287,0.2952257771589179,0.37393367125421223,0.5847820968009133,0.6815518110252858,0.49768572192332505,0.0643868034206872,-0.8927195779049929,-1.2525672351241206,0.033036893960085044,0.47722206179246346
-0.352806372838196,-0.7780082752915849,-1.1017265796886486,-0.19480456214322958,-0.07211449386078832,0.8747460148046304,0.4892313074741413,-0.16534900440824785,-0.09117484543006896,-0.5486373822259624,-1.1906048703388268,-1.5291436095413151,-1.0704269031076663,-0.2217123246466245
-1.0664068700445282,-0.9873542219766455,-0.9325792790917526,0.028993538813035197,0.23760377386170917,0.39254494077804514,0.7418740724737412,0.030812488209505485,0.9730105827654173,1.0315366108729254,0.6796622821571426,0.5405338589656495,-0.3082917789592644,-1.0532243001217982
-0.3963185982776065,-0.6263083139255989,-0.4277396434640939,-0.6639198122246308,-0.04870555502129706,-0.3603655081406582,0.02605290497487522,-0.057283990511042465,0.26383605776571817,0.47430952950236677,-0.13254647721308285,0.37901897364708154,0.1586401686102406,-0.5607932551306227
-0.8053335174080652,0.208041473587324,-0.38870565101865645,0.37114640469809396,0.5833357936449619,-0.04566585982857084,0.6317477390123771,0.9070787965498883,1.0907826962360958,0.635005189817508,0.5582457452410736,0.6605980215033467,-0.19830021076280036,-0.6658777957490869
-0.24837703178361084,-0.4988803463781707,-0.706182122908215,-0.052778844228676895,-0.00909042775446612,0.12691136666515443,0.06816003247480838,0.43488167060775157,1.101797354330476,0.8306670354789991,0.43909162826753984,-0.016192228039504084,-0.15998056764919366,-0.7153652829008055
-0.1482989132729667,0.14736148904092955,0.2826790190428692,0.3022854505577046,0.059335701160969305,0.34517080017192453,0.12970121882086472,0.4489771072030393,0.8645585646053675,0.6483964948437695,0.10727003669567446,0.06742388515639186,-0.3451921760316266,-0.5265796837664716
0.05620854629226258,-0.0650184568714508,-0.5838756132458441,-0.6746793363090666,-0.531289832635421,-0.644610351777382,-0.4484620318512963,-0.4402100180163573,0.6451126841096424,0.7771018153739518,-0.12952991728970217,0.08171723783945102,-0.2245562625258273,-0.4874784593502987
-0.3266990375745497,-0.7051922938359116,-0.2403764797259938,-0.4186026630994944,-0.4808705797503633,-0.8797891212149097,-0.717299845889332,-0.5694181868064941,-0.27334034468327706,0.020493081390162416,-0.015654780182084667,-0.29991527879822827,-0.7738044804875247,-0.7868472087866214
-0.9576263064460018,-1.0844421972508764,-0.9091588836244903,-1.0318955359123354,-0.5961145863447809,-0.30622363316223467,-0.05492234021730427,-0.4084952856769599,0.17148238605130103,0.17523705058252065,0.08162927734693949,0.26681615508506684,-0.4324758075681753,-1.3861956642907693
-0.5616650549473665,-0.5656283293792045,-0.6151028072021941,-0.33252647042400785,0.0017136978637605914,0.6734059172286178,0.4390266554549902,0.16119527671591632,0.5663155146652313,0.55019359131785,1.0009259139971758,0.88857699679814,0.8455552525726735,0.20229157761624855
-0.30929414739878547,-0.9691502266127272,-0.7139889213973025,-0.11518408391840457,-0.4178465136440411,-0.3332945706514463,-0.6541391546394321,0.5711375576955322,0.38499729680389855,-0.20269533571420026,0.13969805587201606,0.34114158903697456,-0.07908354329824582,-0.6622120559600708
0.5174381359500138,-0.3259423904209467,0.4310081903355319,-0.03341170087669248,-0.4718671417351744,-1.1183517578385886,-0.9796596403119933,-0.2698901591566314,-0.4546585625446099,0.1618457455562589,-0.7494329815444145,-0.8373453396812522,-0.4246699543413295,-0.8864331397215613
-0.6747968410898336,-0.26526240587455224,-0.8388976972227027,-0.9867055347577051,-0.9184376672885427,-1.3416869921245862,-1.5173352683880645,-1.4292398191190414,-1.0884250436673994,-0.8990431970798117,-0.9530507763726046,-1.0167269158536447,-1.1648067648504385,-1.1937443253674191
-1.2056459914506417,-0.6020363201070412,-0.38870565101865645,-0.7435402904494557,-0.42504926405619226,-0.38743644562987006,-0.3415747081976193,-1.4362875374166852,-0.5131209785840116,-0.4511784400903906,-0.1853362758722433,0.04884252666841502,-0.27068175886628,-1.0037368129700797
-0.705255398897421,-0.8022802691101426,-0.006172525053368562,0.1796268759951365,-0.5817090855204787,-1.1792613671893153,-1.347287253484488,-1.0580599887764663,-0.3860287698027036,-0.5263185405155261,-0.2547171541099969,-0.0840856532840351,-0.4424105298568882,-0.9365315835047827
-0.6878505087216569,-0.6445123092895172,-0.6775571951148941,-0.3820202812124126,-0.5528980838718742,-0.5109475979243989,-0.673573213485555,-1.0463137916137266,-1.1909460920843213,-0.6193137143090106,0.031101898630314435,-0.1298243818698243,-0.15075546838110296,-0.9194247978227071
-0.49204549424430966,-0.7537362814730271,-0.07903597761818522,0.1989940193471209,-0.2791935682101324,-0.40266384796755167,1.415588112472674,2.488116934654654,2.967510979240078,2.8884642411812234,2.9337866849032923,1.4295803958519286,0.6795034657470442,-0.06897316677094988
-0.4876942717003686,0.18073548054144659,0.09791812146779828,0.3388678324447865,1.5557070992853608,-0.2690010941145683,-1.003952213869647,-0.323922666105234,1.1873727749098901,0.621613884791246,0.6856954020039036,0.37758963837877535,0.2111522721362945,-0.23820815369719758
0.16063788734684772,-0.5110163432874495,-0.13628583320482696,0.18608259044579817,0.7327928646970974,0.7376993937654958,1.3572859359343048,0.3033242623850669,0.6425708399340161,0.4385993827656685,0.5220470261605062,0.467637760282048,-0.2990666796911739,-0.5559056020786011
-0.43983082371701704,-0.6414783100621975,-0.383501118692598,-0.5154383798594167,-0.5186850194141565,-0.6023120119504886,-1.036342311946519,-0.28633483518446695,0.5502171682195989,0.7823095451063872,1.826709193022614,1.9527171040518938,1.176239580182688,0.2829378529746048
0.008345098308911024,-0.7931782714281835,-0.8362954310596734,-0.9199964854342031,-0.45746164091087216,-0.08119646528316142,0.1782863659361724,-0.2698901591566314,1.0255420290616912,1.0345124564343169,1.4081615036535562,1.8133569153920668,1.77516140958795,0.8682343059541909
1.4921119857928091,0.9847452757811723,0.03806599971812731,-0.44657742571902737,-1.019276173058658,0.3620901361026819,-0.32537965915918343,0.67098023357882,1.3458143951905874,1.35218397011286,1.7422455151679572,2.2335814842740063,1.966050002135361,0.8346316912215425
-0.3963185982776065,-0.6657503038807552,-0.2455810120520521,-0.45303314016968893,-0.6375304012146498,-1.0202196094401959,-0.8614357823314113,-0.5212587784392612,-0.02932330382316569,0.3634592823405331,0.427779528554863,0.4297603756719415,0.6156373938910329,0.015338848376422822
-0.41372348845337076,0.029035519175460465,-0.14149036553088543,-0.9996169636590279,-0.9004307912581649,-0.7055199611281088,-0.7594069733892652,-0.9030101862283021,-0.35298479551956363,-0.28825089560420586,-0.4749260285167804,-0.026197574917645575,0.2877915583635079,0.1955710546697189
0.4434673527030159,0.10791949908577332,0.01985013657692315,0.022537824362373827,-0.2773928806070946,0.6260317766224971,-0.4209304484859552,-0.6398953697829325,-0.13184435224008753,0.353787784266011,0.5386381057390999,0.6413019953812166,0.4715839207046963,0.5951366916724843
0.07796465901196785,-0.4958463471508509,-0.013979323542456111,-0.7521479097170044,0.3834594697077689,1.3214164833766253,-0.17800471290941694,0.417262374863642,0.8730313785241214,1.7479714297779296,2.155514224671099,2.218573463956794,1.8759278785163234,0.6543994849282461
0.5696528064773063,-0.1924464244188791,0.7042461374535947,-0.9307560095186387,0.574332355629773,-0.1234948051100549,-0.41283292396673726,-0.027918497604193147,0.5832611425027392,0.45645445613401764,0.7905208593413794,1.2759268545090432,0.6716976125201986,0.5884161687259547
-0.8575481879353578,-0.23188841437403532,0.2618608897386359,-0.2787288500018289,-0.24858187895849024,-0.011827187967056053,-0.32376015425534,0.05547950225125878,0.6934077234465393,1.2368699546089392,1.406653223691866,1.4238630547787052,1.8936684540318816,0.8101934259614345
-0.8531969653914167,0.059375511448657686,0.633984951051807,0.3173487842759149,0.24480652427386024,-0.19286408242616002,-0.42254995338979884,0.9317458105916416,0.6544327794202716,0.6469085720630738,1.2528086675994559,1.8876823493439747,1.5367280746588405,0.7026650588169594
-0.10043546528961515,-0.004338472325056356,0.17338384019564418,0.35823497579677094,1.0118994431679524,1.7883901550655288,1.695762460837615,1.3827997816408468,1.5432309594975524,2.8512661716638297,3.2512796168391,2.2671708630791945,1.7311647823093637,0.21817645003531866
0.20850133533019943,0.7298893406863157,-0.1492971640199728,-0.6101221918024518,-0.5583001466809876,-0.03213039108396502,0.11512567468627266,0.5911060928721898,0.7400081999996856,1.513623591818349,2.172859444230537,2.0256132027354954,2.000111907125234,0.5731422529383872
-0.3615088179260782,-0.5868663239704426,-0.07122917912909785,-0.47240028352167346,-0.09552343270027931,0.9018169522938425,0.35967091516665456,0.0648764599814505,1.079768038141716,1.3625994295777304,0.859901737579133,0.8306889184317505,0.856909220902631,0.20412444751075678
0.3303355665605487,-0.3198743919663072,-0.872727157342082,0.05481639661568113,0.01431851108502488,-0.6209232814743217,-0.398257379832145,0.14827445983690243,0.3307712877238739,0.3433723248011406,0.43155022845908875,0.30612287496347956,-0.055665983617708546,0.12836582520442194
-0.883655523199004,-0.33504438810290577,-0.49539856370285235,-0.653160288140195,-0.9490493565401847,-0.34006230502374923,0.4406461603588336,-0.1442058495153164,-0.17336114044198137,0.027188733903293384,0.48207760717571363,0.41975502879379994,0.005361596155813363,-0.26264641895730556
-0.5834211676670715,-0.44123436105909597,-0.7504206476797108,-0.10012075020019445,0.4266759721806755,0.6412591789601785,0.4001585377627443,-0.15007894809668626,-0.06490912228193202,-0.11862769860489028,-0.0020802605268720165,0.15175466598644066,0.222506240466252,0.005563542272379355
-0.5921236127549537,-0.5292203386513679,-0.4069215141598606,0.11937354112229603,-0.5204857070171943,-0.45172992216674807,0.2414470571860726,-0.6657370035409598,-0.623267559527812,-0.383477953568734,0.08464583727031998,0.19749339457223006,0.11393391831103288,-0.012765156672701639
0.09972077173167311,-0.4017923711039396,-0.706182122908215,-0.13239932245350192,0.2718168383194269,0.018627616708307163,-0.31080411502459115,-0.161825145259426,-0.4512694369771084,-0.40877264084056186,-0.17779487606379182,0.02097048893644958,-0.03508691601966036,-0.1062415212926145
-1.0272458671490587,-0.3562823826941438,-0.5656597501046399,0.044056872531245315,0.33304021682271123,0.1692097064920477,-0.8258066744468524,-0.41201914482578195,-0.0852438756869412,-0.16624122758715423,0.08841653717454571,0.14675199254737012,0.1408995930946819,-0.2076603221220626
-0.3876161531897245,-0.7992462698828229,-0.15189943018300203,-0.8877179131808955,-0.38543413678936117,-0.29099623082455284,-0.3156626297361221,-0.5811643839692339,-0.540233983124024,-0.24956490330611644,-0.12500507740463135,0.15318400125474682,-0.4473778910012447,-0.7636308567895189
0.43476490761513387,-0.8386882598379792,-0.4459555066052981,-0.6101221918024518,-0.6141214623751586,-0.9390067969725605,-0.2638384728131271,0.40316693826835454,0.2807816856032259,0.28906314330574545,0.23849039336273056,0.3875949852569168,0.0905163586304952,-0.4172184467274884
-0.7096066214413621,-0.7385662853364284,-0.336660327758073,-0.3561974234097667,0.028724011909327246,-0.438194453422142,-0.8970648902159704,-0.2804617366030971,0.002873389068098996,0.12092786908712572,0.05070953813228845,0.4483417341599183,0.3339170547039606,-0.03659246530130666
-1.053353202412705,-1.1147821895240737,-0.4381487081162106,-0.19480456214322958,0.3726553440895422,-0.3654413089198853,-0.5456323260819115,-0.14890432838041226,0.17232966744317632,0.14845444052999698,0.1185821364083517,0.6984754061134533,0.4070082258280627,-0.2217123246466245
0.32163312147266665,0.11095349831309292,0.17078157403261493,-0.6251855255206619,-0.2791935682101324,-1.3433789257176618,-0.41769143867826813,-0.4178922434071518,-0.30045334922328953,-0.1751687642713288,-0.10690571786434767,0.10101326396158072,-0.16139981369043818,-0.41905131662199646
-0.23532336415178762,-0.2015484221008381,-0.04260425133577689,-0.3045517078044748,0.06653845157312036,-0.4737250588767326,-0.5423933162742244,-0.23935004653350805,-0.15217910564509693,-0.02563252481140575,0.2173744738990662,0.4240430345987176,-0.25152193730947653,-0.6469381401725033
-0.7661725145125957,1.0909352487373623,-0.18572889030238113,-0.6789831459428409,-1.2155511217897756,-0.8476423829464707,-0.1715266932940426,-0.326271905537782,-0.05558902697130262,0.1402708652361704,0.6087731239576984,0.26824549035337303,-0.055665983617708546,-0.40927601051795337
-0.7009041763534799,0.007797524584222449,-0.28461500449748967,-0.9953131540252536,-0.05410761783041054,0.49913675714181666,0.6641378370892489,0.6521863181184365,0.7086587885002965,0.8262032671369116,0.8327526982687077,0.8800009851883046,0.226763978589986,-0.6420504871204817
0.18674522261049417,-0.3835883757400213,-0.10505863924847693,0.06342401588322988,-0.3998396376136633,0.07615335887288226,0.7985567441082668,0.39611921997071053,0.07743415155313307,0.42967184608149417,0.6215935036320659,0.7477874728700075,0.2700509828479492,-0.6182231784918764
-0.08738179765779208,-0.01950846846165497,0.1291453154241483,0.6616535549778607,0.6769715490029262,0.09645656198979098,0.2155349787245749,1.1631458946976139,1.1348413286136163,1.4243482249766037,1.1894609092084631,0.573408570136686,0.13522260892970334,-0.7434692879499298
-0.45723571389278117,-0.11659644373588604,-0.7035798567451859,-0.7822745771534246,-0.6447331516268008,0.988105565540705,1.3151788084343716,0.40786541713345026,0.46972543599143735,0.4475269194498433,0.5612623051644543,0.30469353969517377,-0.3267419774954454,-1.2114620676809975
0.1345305520832016,-0.8599262544292173,-0.36528525555139385,0.05051258698190683,0.016119198688062705,-0.148873809006191,-0.36586728175527317,-0.3861775110677545,-0.6300458106628152,0.05322738256546906,0.5439170856050157,0.6563100156984291,0.18063848224953333,-0.9621917620278961
1.0004238383274704,0.15949748595020857,-0.6723526627888359,-0.5348055232114011,-0.7203620309543873,0.21150804631894118,0.06654052757096497,-0.19823835646391902,-0.43686565331522687,0.33221290394592246,0.2656394326731559,-0.09480566779632947,-0.6084623166825177,-1.218182590627527
0.047506101204380535,-0.09535844914464803,0.1343498477502066,0.14519639892494196,-1.051688549913338,0.5211318938518011,0.4033975475704311,-0.2628424408589875,0.1452166629031641,0.20201966063504412,0.4028929091869729,0.21821875596266593,-0.8213492228692221,-1.6519617989944435
-0.13959646818508467,-0.0650184568714508,-0.7868523739621192,-0.5778436195491443,-0.9670562325705625,-1.1978726367131485,-0.9084014245428753,0.0625272205489028,0.058793960931874494,0.20201966063504412,0.26865599259653655,-0.04620826867392836,-0.7596120200750778,-1.6134715312097734
